Workbook

Sheet БРИЗЕРЫ
C1: 1
A3: Компактные вентиляционные устройства Бризер | I3: Дилерская скидка
A4: Наименование приборов и фильтров | B4: Артикул | C4: Рекомендуемая розничная цена | D4: Дилерская цена | E4: Акция "Товар месяца – 4S» с 13.01 - 30.01 | F4: РРЦ по акциям: Уют. Тепло. Свежесть. Монтаж в подарок с 13.01 - 30.01 только для Маркетплейсов | G4: Закупка по акции: Уют. Тепло. Свежесть. Монтаж в подарок. с 13.01 - 30.01 | I4: 0.24
A6: TION БРИЗЕР 4S
A7: Magic (4S Family+Базовая станция MagicAir) | B7: tion-br-4s-m tion-br-4s-f tion-bs310 | C7: 97630 | D7: =C7*(1-I4) -> 74198.8 | E7: =C7*0.95 -> 92748.5 | F7: =(C7*0.95)-9200 -> 83548.5 | G7: =C7*(1-$I$4-9%) -> 65412.1 | H7: в наличии
A8: Plus (4S Family+Модуль CO2 системы MagicAir) | B8: tion-br-4s-pl tion-br-4s-f tion-sp320 | C8: 96120 | D8: =C8*(1-I4) -> 73051.2 | E8: =C8*0.95 -> 91314 | F8: =(C8*0.95)-9200 -> 82114 | G8: =C8*(1-$I$4-9%) -> 64400.4 | H8: НЕТ В НАЛИЧИИ
A9: Family (фильтр HEPA H13) | B9: tion-br-4s-f | C9: 77860 | D9: =C9*(1-I4) -> 59173.6 | E9: =C9*0.95 -> 73967 | F9: =(C9*0.95)-9200 -> 64767 | G9: =C9*(1-$I$4-9%) -> 52166.2 | H9: в наличии
A10: Base (фильтр HEPA Е11) | B10: tion-br-4s-b | C10: 76590 | D10: =C10*(1-I4) -> 58208.4 | E10: =C10*0.95 -> 72760.5 | F10: =(C10*0.95)-9200 -> 63560.5 | G10: =C10*(1-$I$4-9%) -> 51315.3 | H10: в наличии
A11: TION БРИЗЕР О2
A12: ТОР (O2 МАС+Базовая станция MagicAir) | B12: tion-br-o2-top tion-br-o2-mac tion-bs310 | C12: 70130 | D12: =C12*(1-I4) -> 53298.8 | E12: не участвует | F12: =C12-9200 -> 60930 | G12: =C12*(1-$I$4)-5520 -> 47778.8 | H12: в наличии
A13: Next (O2 МАС+Модуль CO2 системы MagicAir) | B13: tion-br-o2-n tion-br-o2-mac tion-sp320 | C13: 68850 | D13: =C13*(1-I4) -> 52326 | E13: не участвует | F13: =C13-9200 -> 59650 | G13: =C13*(1-$I$4)-5520 -> 46806 | H13: НЕТ В НАЛИЧИИ
A14: МАС (Radiomodule) | B14: tion-br-o2-mac | C14: 54530 | D14: =C14*(1-I4) -> 41442.8 | E14: не участвует | F14: =C14-9200 -> 45330 | G14: =C14*(1-$I$4)-5520 -> 35922.8 | H14: в наличии
A15: Standard (без Radiomodule) | B15: tion-br-o2-st | C15: 50590 | D15: =C15*(1-I4) -> 38448.4 | E15: не участвует | F15: =C15-9200 -> 41390 | G15: =C15*(1-$I$4)-5520 -> 32928.4 | H15: в наличии
A16: Base (без фильтра HEPA Е11 и АК) | B16: tion-br-o2-b | C16: 46790 | D16: =C16*(1-I4) -> 35560.4 | E16: не участвует | F16: =C16-9200 -> 37590 | G16: =C16*(1-$I$4)-5520 -> 30040.4 | H16: в наличии
A17: TION БРИЗЕР BIO X
A18: BioX SM Standard | B18: tion-br-biox-sm-s | C18: 71100 | D18: =C18*(1-$I$4) -> 54036 | E18: не участвует | F18: =C18-9200 -> 61900 | G18: =C18*(1-$I$4)-5520 -> 48516 | H18: В наличии
A19: BioX SM Base | B19: tion-br-biox-sm-b | C19: 69960 | D19: =C19*(1-$I$4) -> 53169.6 | E19: не участвует | F19: =C19-9200 -> 60760 | G19: =C19*(1-$I$4)-5520 -> 47649.6 | H19: В наличии
A20: BioX Standard | B20: tion-br-biox-s | C20: 58340 | D20: =C20*(1-$I$4) -> 44338.4 | E20: не участвует | F20: =C20-9200 -> 49140 | G20: =C20*(1-$I$4)-5520 -> 38818.4 | H20: В наличии
A21: BioX Base | B21: tion-br-biox-b | C21: 57200 | D21: =C21*(1-$I$4) -> 43472 | E21: не участвует | F21: =C21-9200 -> 48000 | G21: =C21*(1-$I$4)-5520 -> 37952 | H21: В наличии
A24: TION БРИЗЕР LITE
A25: Lite | B25: tion-br-lite | C25: 38930 | D25: =C25*(1-I4) -> 29586.8 | E25: не участвует | F25: =C25-4600 -> 34330 | G25: =C25*(1-$I$4)-2760 -> 26826.8 | H25: в наличии

Sheet КОНДИЦИОНЕРЫ
C1: 1
B7: РРЦ | C7: Дилерская цена
A9: TION EDELWEISS 9000 BTU
A11: Цена | B11: 64900 | C11: =B11*0.6 -> 38940
A13: TION EDELWEISS 12000 BTU
A15: Цена | B15: 71500 | C15: =B15*0.6 -> 42900

Sheet КЛАПАН KIV
C1: 1
A3: Клапаны фильтрации TION KIV
A4: Наименование приборов | B4: Артикул | C4: Рекомендуемая розничная цена | D4: Дилерская цена
A8: TION KIV
A9: Клапан инфильтрации воздуха TION KIV Base, White/Grey/Black | B9: tion-kiv-base-w/tion-kiv-base-g/tion-kiv-base-b | C9: 2980 | D9: цена предоставляется по запросу | E9: в наличии | G9: скидка 40%
A10: Клапан инфильтрации воздуха TION KIV Base, White S/Grey S/Black S | B10: tion-kiv-base-b-s | C10: 3190 | D10: цена предоставляется по запросу | E10: в наличии
A11: Клапан инфильтрации воздуха TION KIV Base, White/Grey/Black, Комплектация: тилит+решетка 500мм | C11: 3530 | D11: цена предоставляется по запросу | E11: в наличии
A12: Клапан инфильтрации воздуха TION KIV Base, White/Grey/Black, Комплектация: тилит+решетка 600мм | C12: 3740 | D12: цена предоставляется по запросу | E12: в наличии
A13: Клапан инфильтрации воздуха TION KIV Base, White/Grey/Black, Комплектация: тилит+решетка 1000мм | B13: tion-kiv-base-kit1000-g | C13: 3900 | D13: цена предоставляется по запросу | E13: в наличии

Sheet ОЧИСТИТЕЛИ-ОБЕЗЗАРАЖИВАТЕЛИ
C1: 1
A3: Очистители-обеззараживатели
A4: Наименование приборов и фильтров | B4: Артикул | C4: Рекомендуемая розничная цена | D4: Дилерская цена
A8: TION CLEVER
A10: Очиститель Tion Clever МАC | B10: tion-pur-clever | C10: 31390 | D10: =C10*0.73 -> 22914.7 | E10: в наличии
A13: Подвижное основание для Тион Clever | B13: tion-pur-clever-mobile | C13: 9550 | D13: =C13*0.73 -> 6971.5 | E13: в наличии
A14: Набор фильтров для Tion Clever | B14: tion-fil-kit-clv | C14: 5460 | D14: =C14*(1-БРИЗЕРЫ!$I$4) -> 4149.6 | E14: в наличии
A15: TION IQ
A17: IQ-200 белый | B17: tion-pur-iq-100-w | C17: 19320 | D17: =C17*(1-БРИЗЕРЫ!$I$4) -> 14683.2 | E17: в наличии
A18: IQ-200 черный | B18: tion-pur-iq-200-b | C18: 19320 | D18: =C18*(1-БРИЗЕРЫ!$I$4) -> 14683.2 | E18: в наличии
A19: IQ-400 белый | B19: tion-pur-iq-400-w | C19: 31340 | D19: =C19*(1-БРИЗЕРЫ!$I$4) -> 23818.4 | E19: в наличии
A20: IQ-400 черный | B20: tion-pur-iq-400-b | C20: 31340 | D20: =C20*(1-БРИЗЕРЫ!$I$4) -> 23818.4 | E20: в наличии

Sheet ВЕНТИЛЯТОР
A3: Очистители-обеззараживатели
A4: Наименование приборов и фильтров | B4: Артикул | C4: Рекомендуемая розничная цена | D4: Дилерская цена
A8: Напольный вентилятор TION Tulip
A10: Напольный вентилятор TION Tulip | B10: tion-fl-fan-tulip | C10: 29990 | D10: =C10*0.9 -> 26991 | E10: в наличии

Sheet УВЛАЖНИТЕЛЬ 
C1: 1
A3: Очистители-обеззараживатели
A4: Наименование приборов и фильтров | B4: Артикул | C4: Рекомендуемая розничная цена | D4: Дилерская цена
A8: Увлажнитель воздуха TION Iris
A10: Увлажнитель воздуха TION Iris | B10: tion-hum-IRIS | C10: 42440 | D10: =C10*0.85 -> 36074
A13: Фильтр для увлажнителя TION Iris | B13: tion-fil-iris | C13: 1860 | D13: =C13*0.85 -> 1581

Sheet ДИСТАНЦИОННОЕ УПРАВЛЕНИЕ
C1: 1
A3: Дистанционное управление
A4: Наименование приборов и фильтров | B4: Артикул | C4: Рекомендуемая розничная цена | D4: Дилерская цена
A10: Универсальный пульт дистанционного управления | B10: tion-rc02 | C10: 6240 | D10: =C10*(1-БРИЗЕРЫ!I4) -> 4742.4 | E10: в наличии
A11: Пульт дистанционного управления для Бризера O2 | B11: tion-rc-br02-4sp | C11: 890 | D11: =C11*(1-БРИЗЕРЫ!I4) -> 676.4 | E11: в наличии
A12: Пульт дистанционного управления для TION CLEVER | B12: 18008 | C12: 890 | D12: =C12*(1-БРИЗЕРЫ!I4) -> 676.4 | E12: в наличии

Sheet СИСТЕМА УМНОГО МИКРОКЛИМАТА
C1: 1
A3: Система умного микроклимата MagicAir
A4: Наименование приборов и фильтров | B4: Артикул | C4: Рекомендуемая розничная цена | D4: Дилерская цена
A8: БАЗОВАЯ СТАНЦИЯ MAGICAIR
A10: BS310 | B10: tion-bs310 | C10: 23200 | D10: =C10*(1-БРИЗЕРЫ!I4) -> 17632 | E10: в наличии
A11: BS311 | B11: tion-bs311 | C11: 24360 | D11: =C11*(1-БРИЗЕРЫ!I4) -> 18513.6
A12: BS410 | B12: tion-bs410 | C12: 31080 | D12: =C12*(1-БРИЗЕРЫ!I4) -> 23620.8 | E12: в наличии
A13: МОДУЛЬ CO2 СИСТЕМЫ MAGICAIR
A15: SP320 | B15: tion-sp320 | C15: 19840 | D15: =C15*(1-БРИЗЕРЫ!I4) -> 15078.4 | E15: НЕТ В НАЛИЧИИ
A16: ИК-МОДУЛЬ СИСТЕМЫ MAGICAIR
A18: IRM330 | B18: tion-irm330 | C18: 8500 | D18: =C18*(1-БРИЗЕРЫ!I4) -> 6460 | E18: в наличии
A19: ТЕРМОРЕГУЛЯТОР DANFOSS ECO
B21: 014G1106S | C21: 7500 | D21: =C21*(1-БРИЗЕРЫ!I4) -> 5700 | E21: нет в наличии

Sheet ДАТЧИКИ
A2: Датчики Rubetec
A3: Наименование приборов и фильтров | B3: Артикул | C3: Рекомендуемая розничная цена | D3: Дилерская цена
A9: Датчик движения Rubetec | B9: - | C9: 1750 | D9: =C9*(1-БРИЗЕРЫ!I4) -> 1330 | E9: в наличии
A10: Датчик дыма Rubetek KR-SD02 | B10: - | C10: 3200 | D10: =C10*(1-БРИЗЕРЫ!I4) -> 2432 | E10: в наличии
A11: Датчик открытия окна/двери Rubetek RS-3210 | B11: - | C11: 1400 | D11: =C11*(1-БРИЗЕРЫ!I4) -> 1064 | E11: в наличии
A12: Датчик утечки газа Rubetek KR-GD13 | B12: - | C12: 5200 | D12: =C12*(1-БРИЗЕРЫ!I4) -> 3952 | E12: в наличии

Sheet ФИЛЬТРЫ
C1: 1
A3: Фильтры
A4: Наименование приборов и фильтров | B4: Артикул | C4: Рекомендуемая розничная цена | D4: Дилерская цена
A8: ФИЛЬТРЫ ДЛЯ TION БРИЗЕР 4S
A10: Фильтр первичной очистки G4 для Tion Бризер 3S/4S | B10: tion-fil-g4 | C10: 1360 | D10: =C10*(1-БРИЗЕРЫ!I4) -> 1033.6 | E10: в наличии
A11: Высокоэффективный фильтр HEPA Н13 | B11: tion-fil-h13 | C11: 4830 | D11: =C11*(1-БРИЗЕРЫ!I4) -> 3670.8 | E11: в наличии
A12: Адсорбционно-каталитический фильтр АК-4S | B12: tion-fil-co-4s | C12: 4140 | D12: =C12*(1-БРИЗЕРЫ!I4) -> 3146.4 | E12: в наличии
A13: Комплект сменных фильтров для Tion Бризер 4S family | B13: tion-fil-kit-4sf | C13: 9920 | D13: =C13*(1-БРИЗЕРЫ!I4) -> 7539.2 | E13: в наличии
A14: Комплект сменных фильтров для Tion Бризер 4S base | B14: tion-fil-kit-4sb | C14: 9240 | D14: =C14*(1-БРИЗЕРЫ!I4) -> 7022.4 | E14: в наличии
A15: Усиленный адсорбционно-каталитический фильтр АК-XXL | B15: tion-fil-co-xxl | C15: 5980 | D15: =C15*(1-БРИЗЕРЫ!I4) -> 4544.8 | E15: в наличии
A16: ФИЛЬТРЫ ДЛЯ TION БРИЗЕР Bio X
A17: Комплект префильтров G4 Bio X | B17: tion-fil-kit-biox-g4 | C17: 1340 | D17: =C17*(1-БРИЗЕРЫ!$I$4) -> 1018.4 | E17: в наличии
A18: Высокоэффективный фильтр HEPA Н11 BIO-X | B18: tion-fil-brbx-e11 | C18: 3670 | D18: =C18*(1-БРИЗЕРЫ!$I$4) -> 2789.2 | E18: в наличии
A19: Высокоэффективный фильтр HEPA Н11+AK BIO-X | B19: tion-fil-brbx-e11+ak | C19: 4640 | D19: =C19*(1-БРИЗЕРЫ!$I$4) -> 3526.4 | E19: в наличии
A20: Комплект фильтров Bio X Base | B20: tion-fil-kit-biox-bs | C20: 4600 | D20: =C20*(1-БРИЗЕРЫ!$I$4) -> 3496 | E20: в наличии
A21: Комплект фильтров Bio X Standard | B21: tion-fil-kit-biox-st | C21: 5740 | D21: =C21*(1-БРИЗЕРЫ!$I$4) -> 4362.4 | E21: в наличии
A22: ФИЛЬТРЫ ДЛЯ TION БРИЗЕР 3S
A24: Фильтр первичной очистки G4 для Tion Бризер 3S/4S | B24: tion-fil-g4 | C24: 1360 | D24: =C24*(1-БРИЗЕРЫ!I4) -> 1033.6 | E24: в наличии
A25: Высокоэффективный фильтр HEPA Н11 | B25: tion-fil-e11 | C25: 4090 | D25: =C25*(1-БРИЗЕРЫ!I4) -> 3108.4 | E25: в наличии
A26: Адсорбционно-каталитический фильтр АК-XL | B26: tion-fil-co-xl | C26: 4090 | D26: =C26*(1-БРИЗЕРЫ!I4) -> 3108.4 | E26: в наличии
A27: Комплект сменных фильтров для Tion Бризер 3S | B27: tion-fil-kit-3s | C27: 9030 | D27: =C27*(1-БРИЗЕРЫ!I4) -> 6862.8 | E27: в наличии
A28: Усиленный адсорбционно-каталитический фильтр АК-XXL | B28: tion-fil-co-xxl | C28: 5980 | D28: =C28*(1-БРИЗЕРЫ!I4) -> 4544.8 | E28: в наличии
A29: ФИЛЬТРЫ ДЛЯ БРИЗЕР TION O2
A31: Базовый фильтр F7 | B31: tion-fil-f7-o2 | C31: 2830 | D31: =C31*(1-БРИЗЕРЫ!I4) -> 2150.8 | E31: в наличии
A32: Высокоэффективный фильтр HEPA Н11 | B32: tion-fil-e11 | C32: 4090 | D32: =C32*(1-БРИЗЕРЫ!I4) -> 3108.4 | E32: в наличии
A33: Адсорбционно-каталитический фильтр АК | B33: tion-fil-co-o2 | C33: 2830 | D33: =C33*(1-БРИЗЕРЫ!I4) -> 2150.8 | E33: в наличии
A34: Комплект сменных фильтров для бризера Бризер Tion O2 | B34: tion-fil-kit-o2s | C34: 8970 | D34: =C34*(1-БРИЗЕРЫ!I4) -> 6817.2 | E34: в наличии
A35: Усиленный адсорбционно-каталитический фильтр АК-XXL | B35: tion-fil-co-xxl | C35: 5980 | D35: =C35*(1-БРИЗЕРЫ!I4) -> 4544.8 | E35: в наличии
A36: ФИЛЬТРЫ ДЛЯ БРИЗЕР LITE
A38: Фильтр канальный класса G4 в мягкой упаковке | B38: tion-fil-g4-lite | C38: 1260 | D38: =C38*(1-БРИЗЕРЫ!I4) -> 957.6 | E38: в наличии
A39: Высокоэффективный канальный фильтр класса E11 | B39: tion-fil-e11-lite | C39: 2940 | D39: =C39*(1-БРИЗЕРЫ!I4) -> 2234.4 | E39: в наличии
A40: Фильтр канальный полипропиленовый 110D | C40: 990 | D40: =C40*(1-БРИЗЕРЫ!I4) -> 752.4 | E40: нет в наличии
A41: ФИЛЬТРЫ ДЛЯ ОЧИСТИТЕЛЕЙ ОБЕЗЗАРАЖИВАТЕЛЕЙ СЕРИИ IQ
A43: Фильтр для Очиститель-обеззараживатель IQ-100 | B43: tion-fil-iq-100 | C43: 3360 | D43: =C43*(1-БРИЗЕРЫ!I4) -> 2553.6 | E43: в наличии
A44: Фильтр для Очиститель-обеззараживатель IQ-200 | B44: tion-fil-iq-200 | C44: 4720 | D44: =C44*(1-БРИЗЕРЫ!I4) -> 3587.2 | E44: в наличии
A45: Фильтр для Очиститель-обеззараживатель IQ-400 | B45: tion-fil-iq-400 | C45: 6820 | D45: =C45*(1-БРИЗЕРЫ!I4) -> 5183.2 | E45: в наличии

Sheet МОНТАЖ
B1: 1
A3: Монтажные аксессуары
A4: Наименование приборов и фильтров | B4: Рекомендуемая розничная цена | C4: Дилерская цена
A10: Монтажный комплект (Тилит 1м + решетка) | B10: 850 | C10: 850 | D10: в наличии
A11: Решетка для монтажа | B11: 170 | C11: 170 | D11: в наличии
